1,Lydon,McCamish,66156257
2,Errol,Blockwell,36348865
3,Saul,Thumim,91715852
4,Darcee,Brimblecomb,17884878
5,Wes,Dunaway,63595615
6,Lynette,Falconbridge,88580240
7,Carlina,Strete,85077208
8,Melanie,Creavin,34581696
9,Daisi,Orrah,59728958
10,Eberhard,Castille,44409911
11,Phylys,Norval,91796801
12,Gale,Bonass,42920470
13,Casi,Moralee,10022086
14,Kareem,Thomelin,42814634
15,Emlyn,Crowch,22951444
16,Terrijo,Egel,80259195
17,Parrnell,Hars,14098040
18,Conny,Stocken,43192983
19,Jennie,Calwell,96012696
20,Roseline,Langfield,26713958
21,Suzi,Proudlock,18663142
22,Maridel,Webbe,15421965
23,Barnett,Sember,38814840
24,Kiri,Vanne,57819174
25,Torrence,Hatje,63099051
26,Sheela,Dohr,54962398
27,Annetta,Thewles,38528476
28,Dolli,Bottrill,77297568
29,Koren,Tappington,14601126
30,Claudelle,Durling,20957976
31,Rhetta,Reubbens,37912530
32,Barnett,Glacken,24985091
33,Imogen,Hurley,25070857
34,Tremaine,McKenna,17972171
35,Karel,Hagan,50763783
36,Kristyn,Marrion,28505422
37,Bjorn,Killwick,90647883
38,Maitilde,Paszak,42170188
39,Ignazio,Monteath,56165636
40,Yasmeen,Valler,54392290
41,Cybil,Morena,75387458
42,Ritchie,Beyn,65362620
43,Caesar,Bassam,93705601
44,Portia,Habin,35974752
45,Abbe,Rosi,36244532
46,Des,Crates,75030911
47,Stormy,Cardenoza,32581013
48,Lovell,Clayhill,86726334
49,Miran,Salvin,46833876
50,Antonella,Van Waadenburg,74009860
51,leon,vila,41236995
